<Page xmlns="http://www.nativescript.org/tns.xsd" loaded="pageLoaded">
  <Page.actionBar>
    <ActionBar>
      <ActionBar.actionItems>
        <!-- The below buttons will exist under the popup menu. -->
        <ActionItem text="First" ios.position="right" android.position="popup" tap="firstTap"/>
        <ActionItem text="Second" ios.position="right" android.position="popup" tap="secondTap"/>
        <!-- The below button shows up all the time because we haven't relegated it to popup. 
              Also ties to common tap event on model. -->
        <ActionItem text="Action" tap="actionTap"/>
      </ActionBar.actionItems>
    </ActionBar>
  </Page.actionBar>
  <StackLayout cssClass="demo-page-content">
    <Label text="{{ actionText }}"/>
  </StackLayout>
</Page>