<Page xmlns="http://www.nativescript.org/tns.xsd" loaded="pageLoaded">
  <GridLayout cssClass="demo-page-content" rows="auto,auto,auto,auto,auto,*">
    <Label text="Below is a ListView widget for selecting items, takes more space than ListPicker." textWrap="true" row="0" />
    <Label text="Selected item details:" row="1" cssClass="spaceTop" />
    <Label text="{{ selectedDetails }}" row="2" textWrap="true"/>

    <!-- This allows us to add items via the view, routed through model. -->
    <Button text="Add Item" tap="addListItem" row="3" cssClass="spaceTop"/>
    
    <ListView items="{{ listItems }}" itemTap="listItemTap" loadMoreItems="loadMoreItems" row="5" cssClass="spaceTop">
      <ListView.itemTemplate>
        <Label text="{{ title }}" cssClass="listItem"/>
      </ListView.itemTemplate>
    </ListView>
  </GridLayout>
</Page>