<Page xmlns="http://www.nativescript.org/tns.xsd" loaded="pageLoaded">
  <TabView>
    <TabView.items>
      <TabViewItem title="Widgets">
        <TabViewItem.view>
          <GridLayout cssClass="demo-page-content" rows="auto, *">
            <Label text="Here you can browse through different widgets to see what type of functionality they have and examples of interacting with them." textWrap="true"/>
            <ListView items="{{ widgets }}" itemTap="listItemTap" cssClass="spaceTop" row="1">
              <ListView.itemTemplate>
                <Label text="{{ display }}" cssClass="listItem"/>
              </ListView.itemTemplate>
            </ListView>
          </GridLayout>
        </TabViewItem.view>
      </TabViewItem>
      <TabViewItem title="Framework">
        <TabViewItem.view>
          <GridLayout cssClass="demo-page-content" rows="auto, *">
            <Label text="Here you see more framework-related functionality, like data access, for example." textWrap="true"/>
            <ListView items="{{ framework }}" itemTap="listItemTap" cssClass="spaceTop" row="1">
              <ListView.itemTemplate>
                <Label text="{{ display }}" cssClass="listItem"/>
              </ListView.itemTemplate>
            </ListView>
          </GridLayout>
        </TabViewItem.view>
      </TabViewItem>
    </TabView.items>
  </TabView>
</Page>